source_commit,map_version,family,seed,sha256,tiles,land,ports,path
a15d72e42689cf95aa7e2bd042830286990ae74f,1,archipelago,0,30774372121702347d9891057caa16901a1bbe6c461ff37f5f7f27573f88704d,169,47,9,map-samples/archipelago-0.json
a15d72e42689cf95aa7e2bd042830286990ae74f,1,archipelago,1,9cb967087b4a8f6ec6be0699754208fec38ab48358dd93786c018e30c2226207,169,47,9,map-samples/archipelago-1.json
a15d72e42689cf95aa7e2bd042830286990ae74f,1,archipelago,2,849d39449c5e5456eace91e2f7f4fc023e6feb67110e6e444274151f6eb55a14,169,47,9,map-samples/archipelago-2.json
a15d72e42689cf95aa7e2bd042830286990ae74f,1,archipelago,3,aafbd984ad1530526176aed3f8454f661e32cd5fc27c0dde32f4f3df7953a794,169,47,9,map-samples/archipelago-3.json
a15d72e42689cf95aa7e2bd042830286990ae74f,1,archipelago,4,d60dec9afcdeba88317e397a2e829193cc78abe52fffbb76579fe63a4c6f406b,169,47,9,map-samples/archipelago-4.json
a15d72e42689cf95aa7e2bd042830286990ae74f,1,peninsula,0,fb0f4207f54b1a05a31946fbe608d7bbbe783ebc82305f7c53242f7e7f9d0f73,169,47,9,map-samples/peninsula-0.json
a15d72e42689cf95aa7e2bd042830286990ae74f,1,peninsula,1,5f329b02a6126d0ca067ef12a61de0d27bbcd4b41faab84704d6a3abbeaa5b68,169,47,9,map-samples/peninsula-1.json
a15d72e42689cf95aa7e2bd042830286990ae74f,1,peninsula,2,9c9bc63c188ee06d886261e31de93f256b6131e73b03f09f436ddb1ef418f3f9,169,47,9,map-samples/peninsula-2.json
a15d72e42689cf95aa7e2bd042830286990ae74f,1,peninsula,3,4e3647b9646875c564ff3598e3e05e30f2db36043df2f79b2a1d740c14d5610b,169,47,9,map-samples/peninsula-3.json
a15d72e42689cf95aa7e2bd042830286990ae74f,1,peninsula,4,082888969ed8a12b21592f5e3123cfb7ec0d9bd1b2ad26e7878272f6ea48445d,169,47,9,map-samples/peninsula-4.json
a15d72e42689cf95aa7e2bd042830286990ae74f,1,twinIslands,0,101898acef625cb80e31b9f86a58780f09d239baeecb0428a89fda81f9c2048a,169,47,9,map-samples/twinIslands-0.json
a15d72e42689cf95aa7e2bd042830286990ae74f,1,twinIslands,1,c0ae8bf228a1044854d11d1772874309ce8de5c74d79e893a03a3d211f5c8578,169,47,9,map-samples/twinIslands-1.json
a15d72e42689cf95aa7e2bd042830286990ae74f,1,twinIslands,2,5663dd987bd59d2ed4a33a327ab9f65ddce60bc2b85da967e448b1930f051815,169,47,9,map-samples/twinIslands-2.json
a15d72e42689cf95aa7e2bd042830286990ae74f,1,twinIslands,3,f29cb03b920159dde696a714c1aec05c716af515879ea3f98fdec5477a2f5d52,169,47,9,map-samples/twinIslands-3.json
a15d72e42689cf95aa7e2bd042830286990ae74f,1,twinIslands,4,6c4a59d8ea19cef1480bb0b8ce6f0b3fb9e8d5764daf96924c55331cbe3871c2,169,47,9,map-samples/twinIslands-4.json
