source_commit,family,sea_steps,home_coast_vertex_to_island_pairs
a15d72e42689cf95aa7e2bd042830286990ae74f,archipelago,1,10808
a15d72e42689cf95aa7e2bd042830286990ae74f,archipelago,2,18910
a15d72e42689cf95aa7e2bd042830286990ae74f,archipelago,3,13179
a15d72e42689cf95aa7e2bd042830286990ae74f,archipelago,4,11023
a15d72e42689cf95aa7e2bd042830286990ae74f,archipelago,5,15958
a15d72e42689cf95aa7e2bd042830286990ae74f,archipelago,6,13019
a15d72e42689cf95aa7e2bd042830286990ae74f,archipelago,7,11023
a15d72e42689cf95aa7e2bd042830286990ae74f,archipelago,8,15958
a15d72e42689cf95aa7e2bd042830286990ae74f,archipelago,9,10080
a15d72e42689cf95aa7e2bd042830286990ae74f,archipelago,10,42
a15d72e42689cf95aa7e2bd042830286990ae74f,twinIslands,1,12072
a15d72e42689cf95aa7e2bd042830286990ae74f,twinIslands,2,17154
a15d72e42689cf95aa7e2bd042830286990ae74f,twinIslands,3,11950
a15d72e42689cf95aa7e2bd042830286990ae74f,twinIslands,4,13604
a15d72e42689cf95aa7e2bd042830286990ae74f,twinIslands,5,14524
a15d72e42689cf95aa7e2bd042830286990ae74f,twinIslands,6,11872
a15d72e42689cf95aa7e2bd042830286990ae74f,twinIslands,7,13604
a15d72e42689cf95aa7e2bd042830286990ae74f,twinIslands,8,14524
a15d72e42689cf95aa7e2bd042830286990ae74f,twinIslands,9,7786
a15d72e42689cf95aa7e2bd042830286990ae74f,twinIslands,10,2910
a15d72e42689cf95aa7e2bd042830286990ae74f,peninsula,1,7344
a15d72e42689cf95aa7e2bd042830286990ae74f,peninsula,2,19666
a15d72e42689cf95aa7e2bd042830286990ae74f,peninsula,3,15038
a15d72e42689cf95aa7e2bd042830286990ae74f,peninsula,4,11117
a15d72e42689cf95aa7e2bd042830286990ae74f,peninsula,5,13977
a15d72e42689cf95aa7e2bd042830286990ae74f,peninsula,6,14906
a15d72e42689cf95aa7e2bd042830286990ae74f,peninsula,7,11117
a15d72e42689cf95aa7e2bd042830286990ae74f,peninsula,8,13977
a15d72e42689cf95aa7e2bd042830286990ae74f,peninsula,9,10881
a15d72e42689cf95aa7e2bd042830286990ae74f,peninsula,10,1977
